slice_degree,slice_definition,is_target_slice,support,support_pct,baseline_accuracy,sliceaware_accuracy,accuracy_delta_vs_baseline,baseline_gap_vs_overall,sliceaware_gap_vs_overall,gap_delta_vs_baseline,baseline_avg_true_winner_probability,sliceaware_avg_true_winner_probability,probability_delta_vs_baseline,delta_direction
2,round=R16 & handedness_matchup=L-vs-R,True,26,0.0441,0.6154,0.7308,0.1154,0.0052,0.1223,0.1171,0.5547,0.5558,0.0011,up
2,round=R128 & handedness_matchup=L-vs-R,True,9,0.0153,0.3333,0.4444,0.1111,-0.2768,-0.164,0.1128,0.4738,0.4891,0.0153,up
2,tourney_level=500 & handedness_matchup=L-vs-R,True,35,0.0593,0.6,0.6857,0.0857,-0.0102,0.0772,0.0874,0.5763,0.5648,-0.0115,up
2,handedness_matchup=L-vs-R & rank_gap_bucket=>100,True,26,0.0441,0.5769,0.6538,0.0769,-0.0332,0.0454,0.0786,0.5948,0.582,-0.0128,up
2,handedness_matchup=L-vs-R & age_gap_bucket=>8,True,25,0.0424,0.64,0.68,0.04,0.0298,0.0715,0.0417,0.5513,0.5495,-0.0018,up
2,handedness_matchup=L-vs-R & form_gap_bucket=0.10-0.25,True,51,0.0864,0.4118,0.451,0.0392,-0.1984,-0.1575,0.0409,0.5025,0.4961,-0.0064,up
2,handedness_matchup=L-vs-R & age_gap_bucket=3-5,True,51,0.0864,0.4902,0.5294,0.0392,-0.12,-0.0791,0.0409,0.5234,0.5228,-0.0006,up
2,handedness_matchup=L-vs-R & rank_gap_bucket=0-10,True,28,0.0475,0.4286,0.4643,0.0357,-0.1816,-0.1442,0.0374,0.5007,0.4979,-0.0028,up
2,handedness_matchup=L-vs-R & age_gap_bucket=6-8,True,32,0.0542,0.4375,0.4688,0.0312,-0.1727,-0.1397,0.0329,0.5067,0.5055,-0.0012,up
2,handedness_matchup=L-vs-R & rank_gap_bucket=26-50,True,32,0.0542,0.5312,0.5625,0.0312,-0.0789,-0.046,0.0329,0.5182,0.5145,-0.0037,up
2,tourney_level=M & handedness_matchup=L-vs-R,True,34,0.0576,0.6176,0.6471,0.0294,0.0075,0.0386,0.0311,0.5631,0.5515,-0.0115,up
2,round=R32 & handedness_matchup=L-vs-R,True,43,0.0729,0.5349,0.5581,0.0233,-0.0753,-0.0503,0.025,0.5485,0.538,-0.0105,up
2,best_of=3 & handedness_matchup=L-vs-R,True,141,0.239,0.5461,0.5674,0.0213,-0.0641,-0.0411,0.023,0.5376,0.5318,-0.0058,up
1,handedness_matchup=L-vs-R,True,151,0.2559,0.5364,0.5563,0.0199,-0.0737,-0.0522,0.0216,0.5316,0.525,-0.0066,up
2,handedness_matchup=L-vs-R & form_gap_bucket=0.00-0.10,True,53,0.0898,0.6226,0.6415,0.0189,0.0125,0.033,0.0206,0.5545,0.5444,-0.01,up
2,surface=Hard & handedness_matchup=L-vs-R,True,148,0.2508,0.5473,0.5608,0.0135,-0.0629,-0.0477,0.0152,0.5334,0.5266,-0.0068,up
2,handedness_matchup=L-vs-R & form_gap_bucket=0.25-0.40,True,41,0.0695,0.5854,0.5854,0.0,-0.0248,-0.0231,0.0017,0.5267,0.5213,-0.0053,flat
2,round=RR & handedness_matchup=L-vs-R,True,33,0.0559,0.3939,0.3939,0.0,-0.2162,-0.2145,0.0017,0.4826,0.4841,0.0015,flat
2,handedness_matchup=L-vs-R & rank_gap_bucket=51-100,True,26,0.0441,0.4231,0.4231,0.0,-0.1871,-0.1854,0.0017,0.4672,0.4771,0.0099,flat
2,tourney_level=D & handedness_matchup=L-vs-R,True,24,0.0407,0.375,0.375,0.0,-0.2352,-0.2335,0.0017,0.4842,0.4946,0.0103,flat
1,best_of=5,True,23,0.039,0.5217,0.5217,0.0,-0.0884,-0.0867,0.0017,0.5136,0.5034,-0.0102,flat
2,surface=Hard & best_of=5,True,23,0.039,0.5217,0.5217,0.0,-0.0884,-0.0867,0.0017,0.5136,0.5034,-0.0102,flat
2,best_of=5 & age_gap_bucket=0-2,True,16,0.0271,0.5,0.5,0.0,-0.1102,-0.1085,0.0017,0.4977,0.4873,-0.0104,flat
2,tourney_level=500 & round=QF,True,16,0.0271,0.625,0.625,0.0,0.0148,0.0165,0.0017,0.5772,0.5653,-0.0119,flat
2,tourney_level=A & best_of=5,True,15,0.0254,0.4667,0.4667,0.0,-0.1435,-0.1418,0.0017,0.4846,0.4742,-0.0103,flat
2,round=QF & form_gap_bucket=0.25-0.40,True,15,0.0254,0.7333,0.7333,0.0,0.1232,0.1249,0.0017,0.5634,0.5575,-0.0059,flat
2,round=QF & handedness_matchup=L-vs-R,True,13,0.022,0.4615,0.4615,0.0,-0.1486,-0.1469,0.0017,0.4912,0.4769,-0.0143,flat
2,best_of=5 & handedness_matchup=R-vs-R,True,13,0.022,0.6154,0.6154,0.0,0.0052,0.0069,0.0017,0.5649,0.5609,-0.004,flat
2,best_of=5 & round=RR,True,12,0.0203,0.4167,0.4167,0.0,-0.1935,-0.1918,0.0017,0.4784,0.4698,-0.0086,flat
2,tourney_level=A & handedness_matchup=L-vs-R,True,11,0.0186,0.4545,0.4545,0.0,-0.1556,-0.1539,0.0017,0.4747,0.4545,-0.0201,flat
2,best_of=5 & handedness_matchup=L-vs-R,True,10,0.0169,0.4,0.4,0.0,-0.2102,-0.2085,0.0017,0.4468,0.4287,-0.0181,flat
2,round=QF & age_gap_bucket=0-2,True,10,0.0169,0.5,0.5,0.0,-0.1102,-0.1085,0.0017,0.4859,0.4905,0.0045,flat
2,round=R64 & handedness_matchup=L-vs-R,True,10,0.0169,0.9,0.9,0.0,0.2898,0.2915,0.0017,0.666,0.6367,-0.0293,flat
2,best_of=5 & form_gap_bucket=0.00-0.10,True,9,0.0153,0.6667,0.6667,0.0,0.0565,0.0582,0.0017,0.5422,0.5156,-0.0265,flat
2,round=QF & rank_gap_bucket=51-100,True,8,0.0136,0.375,0.375,0.0,-0.2352,-0.2335,0.0017,0.4449,0.4476,0.0027,flat
2,best_of=5 & form_gap_bucket=0.25-0.40,True,8,0.0136,0.5,0.5,0.0,-0.1102,-0.1085,0.0017,0.5147,0.5125,-0.0022,flat
2,round=QF & rank_gap_bucket=>100,True,8,0.0136,0.5,0.5,0.0,-0.1102,-0.1085,0.0017,0.5541,0.5376,-0.0164,flat
2,tourney_level=G & best_of=5,True,8,0.0136,0.625,0.625,0.0,0.0148,0.0165,0.0017,0.5679,0.5581,-0.0098,flat
2,tourney_level=M & round=QF,True,8,0.0136,0.625,0.625,0.0,0.0148,0.0165,0.0017,0.5811,0.5611,-0.02,flat
2,best_of=5 & rank_gap_bucket=11-25,True,8,0.0136,0.75,0.75,0.0,0.1398,0.1415,0.0017,0.5857,0.5707,-0.0151,flat
2,round=QF & age_gap_bucket=>8,True,8,0.0136,0.75,0.75,0.0,0.1398,0.1415,0.0017,0.6245,0.6033,-0.0212,flat
2,best_of=5 & rank_gap_bucket=51-100,True,7,0.0119,0.2857,0.2857,0.0,-0.3245,-0.3228,0.0017,0.4669,0.4674,0.0005,flat
2,best_of=5 & form_gap_bucket=0.10-0.25,True,6,0.0102,0.3333,0.3333,0.0,-0.2768,-0.2751,0.0017,0.4692,0.473,0.0038,flat
2,handedness_matchup=L-vs-R & form_gap_bucket=>0.40,True,6,0.0102,0.5,0.5,0.0,-0.1102,-0.1085,0.0017,0.6109,0.6244,0.0135,flat
2,best_of=5 & rank_gap_bucket=0-10,True,5,0.0085,0.6,0.6,0.0,-0.0102,-0.0085,0.0017,0.5234,0.5149,-0.0085,flat
2,best_of=5 & age_gap_bucket=3-5,True,5,0.0085,0.6,0.6,0.0,-0.0102,-0.0085,0.0017,0.547,0.5349,-0.0121,flat
2,tourney_level=250 & handedness_matchup=L-vs-R,True,45,0.0763,0.5333,0.5111,-0.0222,-0.0768,-0.0974,-0.0205,0.5124,0.5092,-0.0031,down
2,handedness_matchup=L-vs-R & age_gap_bucket=0-2,True,43,0.0729,0.6047,0.5814,-0.0233,-0.0055,-0.0271,-0.0216,0.5484,0.5279,-0.0205,down
2,handedness_matchup=L-vs-R & rank_gap_bucket=11-25,True,39,0.0661,0.6667,0.641,-0.0256,0.0565,0.0326,-0.0239,0.5657,0.547,-0.0187,down
2,round=QF & form_gap_bucket=0.10-0.25,True,20,0.0339,0.4,0.35,-0.05,-0.2102,-0.2585,-0.0483,0.518,0.5026,-0.0154,down
1,round=QF,True,55,0.0932,0.5091,0.4545,-0.0545,-0.1011,-0.1539,-0.0529,0.5169,0.5073,-0.0097,down
2,surface=Hard & round=QF,True,55,0.0932,0.5091,0.4545,-0.0545,-0.1011,-0.1539,-0.0529,0.5169,0.5073,-0.0097,down
2,best_of=3 & round=QF,True,51,0.0864,0.5294,0.4706,-0.0588,-0.0808,-0.1379,-0.0571,0.5211,0.5109,-0.0102,down
2,round=QF & rank_gap_bucket=26-50,True,15,0.0254,0.6,0.5333,-0.0667,-0.0102,-0.0751,-0.065,0.5487,0.5454,-0.0033,down
2,round=QF & handedness_matchup=R-vs-R,True,41,0.0695,0.5366,0.4634,-0.0732,-0.0736,-0.1451,-0.0715,0.5267,0.5189,-0.0078,down
2,round=QF & rank_gap_bucket=0-10,True,13,0.022,0.5385,0.4615,-0.0769,-0.0717,-0.1469,-0.0752,0.5332,0.5087,-0.0245,down
2,round=QF & age_gap_bucket=6-8,True,13,0.022,0.6154,0.5385,-0.0769,0.0052,-0.07,-0.0752,0.6036,0.5857,-0.018,down
2,round=QF & age_gap_bucket=3-5,True,24,0.0407,0.375,0.2917,-0.0833,-0.2352,-0.3168,-0.0816,0.447,0.4397,-0.0073,down
2,round=QF & rank_gap_bucket=11-25,True,11,0.0186,0.4545,0.3636,-0.0909,-0.1556,-0.2448,-0.0892,0.4798,0.4748,-0.005,down
2,round=QF & form_gap_bucket=0.00-0.10,True,19,0.0322,0.4211,0.3158,-0.1053,-0.1891,-0.2927,-0.1036,0.4628,0.4563,-0.0065,down
2,round=SF & handedness_matchup=L-vs-R,True,9,0.0153,0.6667,0.5556,-0.1111,0.0565,-0.0529,-0.1094,0.5365,0.5163,-0.0201,down
2,tourney_level=250 & round=QF,True,27,0.0458,0.4444,0.3333,-0.1111,-0.1657,-0.2751,-0.1094,0.4701,0.4637,-0.0063,down
2,round=F & handedness_matchup=L-vs-R,True,8,0.0136,0.625,0.5,-0.125,0.0148,-0.1085,-0.1233,0.5249,0.5122,-0.0127,down
2,round=R128 & rank_gap_bucket=51-100,False,5,0.0085,0.4,0.6,0.2,-0.2102,-0.0085,0.2017,0.491,0.5149,0.0239,up
2,surface=Clay & rank_gap_bucket=>100,False,6,0.0102,0.5,0.6667,0.1667,-0.1102,0.0582,0.1684,0.5606,0.5461,-0.0145,up
2,tourney_level=D & age_gap_bucket=6-8,False,20,0.0339,0.55,0.7,0.15,-0.0602,0.0915,0.1517,0.5752,0.5745,-0.0007,up
1,surface=Clay,False,7,0.0119,0.5714,0.7143,0.1429,-0.0387,0.1058,0.1446,0.5625,0.5484,-0.014,up
2,surface=Clay & tourney_level=D,False,7,0.0119,0.5714,0.7143,0.1429,-0.0387,0.1058,0.1446,0.5625,0.5484,-0.014,up
2,surface=Clay & best_of=3,False,7,0.0119,0.5714,0.7143,0.1429,-0.0387,0.1058,0.1446,0.5625,0.5484,-0.014,up
2,surface=Clay & round=RR,False,7,0.0119,0.5714,0.7143,0.1429,-0.0387,0.1058,0.1446,0.5625,0.5484,-0.014,up
2,round=R16 & age_gap_bucket=0-2,False,25,0.0424,0.68,0.8,0.12,0.0698,0.1915,0.1217,0.6308,0.6154,-0.0154,up
2,round=RR & age_gap_bucket=6-8,False,26,0.0441,0.5769,0.6923,0.1154,-0.0332,0.0838,0.1171,0.5762,0.5711,-0.0052,up
2,round=R16 & form_gap_bucket=0.25-0.40,False,19,0.0322,0.7368,0.8421,0.1053,0.1267,0.2336,0.107,0.6218,0.6214,-0.0005,up
2,tourney_level=500 & age_gap_bucket=>8,False,20,0.0339,0.7,0.8,0.1,0.0898,0.1915,0.1017,0.6218,0.6106,-0.0113,up
2,tourney_level=500 & round=R16,False,30,0.0508,0.6333,0.7333,0.1,0.0232,0.1249,0.1017,0.5922,0.5868,-0.0054,up
2,round=R16 & age_gap_bucket=>8,False,23,0.039,0.5217,0.6087,0.087,-0.0884,0.0002,0.0887,0.5339,0.5388,0.0049,up
2,round=R32 & rank_gap_bucket=0-10,False,23,0.039,0.3913,0.4783,0.087,-0.2189,-0.1302,0.0887,0.5033,0.519,0.0157,up
2,tourney_level=D & rank_gap_bucket=26-50,False,12,0.0203,0.6667,0.75,0.0833,0.0565,0.1415,0.085,0.6401,0.6226,-0.0175,up
2,round=RR & rank_gap_bucket=26-50,False,13,0.022,0.6923,0.7692,0.0769,0.0821,0.1608,0.0786,0.6361,0.6217,-0.0144,up
2,tourney_level=D & rank_gap_bucket=0-10,False,13,0.022,0.3846,0.4615,0.0769,-0.2256,-0.1469,0.0786,0.5169,0.5067,-0.0102,up
2,round=R16 & rank_gap_bucket=26-50,False,27,0.0458,0.7037,0.7778,0.0741,0.0935,0.1693,0.0758,0.5977,0.5999,0.0022,up
2,round=R32 & age_gap_bucket=3-5,False,55,0.0932,0.4909,0.5636,0.0727,-0.1193,-0.0448,0.0744,0.5279,0.5308,0.0029,up
2,round=R128 & form_gap_bucket=0.00-0.10,False,14,0.0237,0.6429,0.7143,0.0714,0.0327,0.1058,0.0731,0.5236,0.5231,-0.0005,up
2,tourney_level=500 & form_gap_bucket=0.25-0.40,False,30,0.0508,0.6333,0.7,0.0667,0.0232,0.0915,0.0684,0.5816,0.5892,0.0076,up
2,tourney_level=500 & rank_gap_bucket=>100,False,16,0.0271,0.8125,0.875,0.0625,0.2023,0.2665,0.0642,0.6803,0.6484,-0.0319,up
2,tourney_level=500 & rank_gap_bucket=11-25,False,34,0.0576,0.5294,0.5882,0.0588,-0.0808,-0.0202,0.0605,0.5131,0.5093,-0.0038,up
2,rank_gap_bucket=>100 & form_gap_bucket=0.00-0.10,False,37,0.0627,0.5405,0.5946,0.0541,-0.0696,-0.0139,0.0557,0.565,0.5559,-0.0091,up
2,round=R32 & rank_gap_bucket=>100,False,40,0.0678,0.725,0.775,0.05,0.1148,0.1665,0.0517,0.6217,0.6115,-0.0102,up
2,tourney_level=500 & age_gap_bucket=3-5,False,40,0.0678,0.525,0.575,0.05,-0.0852,-0.0335,0.0517,0.5309,0.5191,-0.0118,up
2,rank_gap_bucket=26-50 & form_gap_bucket=0.10-0.25,False,42,0.0712,0.5714,0.619,0.0476,-0.0387,0.0106,0.0493,0.5715,0.5674,-0.0041,up
2,tourney_level=500 & rank_gap_bucket=0-10,False,21,0.0356,0.4286,0.4762,0.0476,-0.1816,-0.1323,0.0493,0.5029,0.4894,-0.0135,up
2,rank_gap_bucket=51-100 & form_gap_bucket=0.00-0.10,False,43,0.0729,0.5814,0.6279,0.0465,-0.0288,0.0194,0.0482,0.5475,0.5512,0.0038,up
2,round=R16 & rank_gap_bucket=11-25,False,24,0.0407,0.5833,0.625,0.0417,-0.0268,0.0165,0.0434,0.5395,0.5239,-0.0156,up
1,tourney_level=500,False,122,0.2068,0.6066,0.6475,0.041,-0.0036,0.0391,0.0427,0.5727,0.564,-0.0087,up
2,surface=Hard & tourney_level=500,False,122,0.2068,0.6066,0.6475,0.041,-0.0036,0.0391,0.0427,0.5727,0.564,-0.0087,up
2,tourney_level=500 & best_of=3,False,122,0.2068,0.6066,0.6475,0.041,-0.0036,0.0391,0.0427,0.5727,0.564,-0.0087,up
2,tourney_level=D & form_gap_bucket=0.00-0.10,False,25,0.0424,0.52,0.56,0.04,-0.0902,-0.0485,0.0417,0.5285,0.5247,-0.0037,up
2,rank_gap_bucket=>100 & age_gap_bucket=6-8,False,25,0.0424,0.72,0.76,0.04,0.1098,0.1515,0.0417,0.614,0.6088,-0.0052,up
2,round=R16 & rank_gap_bucket=51-100,False,27,0.0458,0.7407,0.7778,0.037,0.1306,0.1693,0.0387,0.646,0.6432,-0.0028,up
2,tourney_level=D & form_gap_bucket=0.10-0.25,False,27,0.0458,0.2963,0.3333,0.037,-0.3139,-0.2751,0.0387,0.4607,0.4578,-0.0028,up
2,tourney_level=500 & form_gap_bucket=0.00-0.10,False,54,0.0915,0.5556,0.5926,0.037,-0.0546,-0.0159,0.0387,0.5538,0.5419,-0.0119,up
2,tourney_level=250 & round=R32,False,84,0.1424,0.5476,0.5833,0.0357,-0.0626,-0.0251,0.0374,0.5344,0.538,0.0036,up
2,age_gap_bucket=>8 & form_gap_bucket=0.25-0.40,False,28,0.0475,0.6429,0.6786,0.0357,0.0327,0.0701,0.0374,0.5489,0.5551,0.0062,up
2,tourney_level=D & rank_gap_bucket=>100,False,28,0.0475,0.6786,0.7143,0.0357,0.0684,0.1058,0.0374,0.5888,0.5829,-0.0059,up
2,tourney_level=M & rank_gap_bucket=51-100,False,29,0.0492,0.6897,0.7241,0.0345,0.0795,0.1157,0.0362,0.6178,0.6141,-0.0037,up
2,tourney_level=D & handedness_matchup=R-vs-R,False,59,0.1,0.6441,0.678,0.0339,0.0339,0.0695,0.0356,0.5752,0.5672,-0.008,up
2,rank_gap_bucket=26-50 & age_gap_bucket=>8,False,30,0.0508,0.5333,0.5667,0.0333,-0.0768,-0.0418,0.035,0.5312,0.5379,0.0067,up
2,tourney_level=500 & age_gap_bucket=0-2,False,30,0.0508,0.6,0.6333,0.0333,-0.0102,0.0249,0.035,0.581,0.5752,-0.0058,up
2,round=RR & rank_gap_bucket=>100,False,30,0.0508,0.6333,0.6667,0.0333,0.0232,0.0582,0.035,0.5713,0.5626,-0.0087,up
2,rank_gap_bucket=11-25 & form_gap_bucket=0.25-0.40,False,30,0.0508,0.7667,0.8,0.0333,0.1565,0.1915,0.035,0.5911,0.6011,0.01,up
2,round=R32 & form_gap_bucket=0.10-0.25,False,63,0.1068,0.6349,0.6667,0.0317,0.0248,0.0582,0.0334,0.565,0.5614,-0.0036,up
2,tourney_level=500 & round=R32,False,64,0.1085,0.625,0.6562,0.0312,0.0148,0.0478,0.0329,0.5742,0.5686,-0.0056,up
2,rank_gap_bucket=51-100 & age_gap_bucket=3-5,False,32,0.0542,0.5938,0.625,0.0312,-0.0164,0.0165,0.0329,0.554,0.5641,0.0101,up
2,best_of=3 & round=R16,False,101,0.1712,0.6535,0.6832,0.0297,0.0433,0.0747,0.0314,0.5738,0.5687,-0.0051,up
1,round=R16,False,102,0.1729,0.6569,0.6863,0.0294,0.0467,0.0778,0.0311,0.5752,0.5705,-0.0047,up
2,surface=Hard & round=R16,False,102,0.1729,0.6569,0.6863,0.0294,0.0467,0.0778,0.0311,0.5752,0.5705,-0.0047,up
2,tourney_level=500 & form_gap_bucket=0.10-0.25,False,34,0.0576,0.6471,0.6765,0.0294,0.0369,0.068,0.0311,0.5772,0.5578,-0.0195,up
2,rank_gap_bucket=26-50 & form_gap_bucket=0.25-0.40,False,34,0.0576,0.6471,0.6765,0.0294,0.0369,0.068,0.0311,0.5848,0.5872,0.0024,up
2,round=R32 & form_gap_bucket=0.00-0.10,False,70,0.1186,0.5286,0.5571,0.0286,-0.0816,-0.0513,0.0303,0.5554,0.5491,-0.0063,up
2,rank_gap_bucket=26-50 & age_gap_bucket=0-2,False,36,0.061,0.6667,0.6944,0.0278,0.0565,0.086,0.0295,0.6174,0.5897,-0.0277,up
2,age_gap_bucket=3-5 & form_gap_bucket=0.25-0.40,False,39,0.0661,0.7436,0.7692,0.0256,0.1334,0.1608,0.0273,0.6004,0.5982,-0.0021,up
2,tourney_level=250 & age_gap_bucket=0-2,False,40,0.0678,0.625,0.65,0.025,0.0148,0.0415,0.0267,0.5615,0.5483,-0.0132,up
2,tourney_level=500 & rank_gap_bucket=26-50,False,41,0.0695,0.6341,0.6585,0.0244,0.024,0.0501,0.0261,0.592,0.5869,-0.0051,up
1,tourney_level=D,False,84,0.1424,0.5595,0.5833,0.0238,-0.0506,-0.0251,0.0255,0.5483,0.5449,-0.0034,up
2,tourney_level=D & best_of=3,False,84,0.1424,0.5595,0.5833,0.0238,-0.0506,-0.0251,0.0255,0.5483,0.5449,-0.0034,up
2,tourney_level=D & round=RR,False,84,0.1424,0.5595,0.5833,0.0238,-0.0506,-0.0251,0.0255,0.5483,0.5449,-0.0034,up
2,tourney_level=500 & handedness_matchup=R-vs-R,False,84,0.1424,0.619,0.6429,0.0238,0.0089,0.0344,0.0255,0.5716,0.5647,-0.0069,up
2,round=R16 & form_gap_bucket=0.00-0.10,False,43,0.0729,0.6512,0.6744,0.0233,0.041,0.0659,0.025,0.5551,0.5527,-0.0024,up
2,round=R32 & handedness_matchup=R-vs-R,False,133,0.2254,0.6241,0.6466,0.0226,0.0139,0.0381,0.0243,0.5683,0.5684,0.0001,up
2,handedness_matchup=R-vs-R & form_gap_bucket=0.25-0.40,False,89,0.1508,0.7528,0.7753,0.0225,0.1426,0.1668,0.0242,0.6043,0.6061,0.0018,up
1,round=R32,False,180,0.3051,0.6056,0.6278,0.0222,-0.0046,0.0193,0.0239,0.5645,0.562,-0.0025,up
2,surface=Hard & round=R32,False,180,0.3051,0.6056,0.6278,0.0222,-0.0046,0.0193,0.0239,0.5645,0.562,-0.0025,up
2,best_of=3 & round=R32,False,180,0.3051,0.6056,0.6278,0.0222,-0.0046,0.0193,0.0239,0.5645,0.562,-0.0025,up
2,tourney_level=250 & rank_gap_bucket=>100,False,52,0.0881,0.5385,0.5577,0.0192,-0.0717,-0.0508,0.0209,0.5317,0.5285,-0.0031,up
2,tourney_level=250 & age_gap_bucket=>8,False,53,0.0898,0.5472,0.566,0.0189,-0.063,-0.0424,0.0206,0.5158,0.5181,0.0023,up
2,round=R32 & rank_gap_bucket=26-50,False,54,0.0915,0.6111,0.6296,0.0185,0.0009,0.0212,0.0202,0.5863,0.58,-0.0063,up
2,tourney_level=250 & round=R16,False,55,0.0932,0.6364,0.6545,0.0182,0.0262,0.0461,0.0199,0.5591,0.5593,0.0003,up
2,best_of=3 & form_gap_bucket=0.25-0.40,False,124,0.2102,0.7177,0.7339,0.0161,0.1076,0.1254,0.0178,0.5863,0.5843,-0.002,up
2,age_gap_bucket=0-2 & form_gap_bucket=0.00-0.10,False,62,0.1051,0.6613,0.6774,0.0161,0.0511,0.0689,0.0178,0.5637,0.5484,-0.0153,up
2,surface=Hard & form_gap_bucket=0.25-0.40,False,131,0.222,0.7023,0.7176,0.0153,0.0921,0.1091,0.017,0.5816,0.5797,-0.002,up
1,form_gap_bucket=0.25-0.40,False,132,0.2237,0.7045,0.7197,0.0152,0.0944,0.1112,0.0168,0.582,0.58,-0.002,up
2,tourney_level=250 & form_gap_bucket=0.00-0.10,False,72,0.122,0.4722,0.4861,0.0139,-0.1379,-0.1224,0.0156,0.5056,0.5091,0.0036,up
2,handedness_matchup=R-vs-R & rank_gap_bucket=51-100,False,76,0.1288,0.6974,0.7105,0.0132,0.0872,0.1021,0.0149,0.592,0.5928,0.0008,up
2,surface=Hard & tourney_level=D,False,77,0.1305,0.5584,0.5714,0.013,-0.0517,-0.037,0.0147,0.547,0.5446,-0.0024,up
2,best_of=3 & rank_gap_bucket=51-100,False,101,0.1712,0.6634,0.6733,0.0099,0.0532,0.0648,0.0116,0.5759,0.5752,-0.0007,up
2,handedness_matchup=R-vs-R & age_gap_bucket=0-2,False,104,0.1763,0.6731,0.6827,0.0096,0.0629,0.0742,0.0113,0.5831,0.5724,-0.0107,up
2,surface=Hard & rank_gap_bucket=51-100,False,107,0.1814,0.6355,0.6449,0.0093,0.0253,0.0364,0.011,0.5688,0.5683,-0.0006,up
1,rank_gap_bucket=51-100,False,108,0.1831,0.6389,0.6481,0.0093,0.0287,0.0397,0.011,0.5689,0.5682,-0.0007,up
2,best_of=3 & rank_gap_bucket=>100,False,117,0.1983,0.6325,0.641,0.0085,0.0223,0.0326,0.0102,0.5763,0.5683,-0.008,up
1,rank_gap_bucket=>100,False,119,0.2017,0.6218,0.6303,0.0084,0.0117,0.0218,0.0101,0.5721,0.5634,-0.0087,up
2,surface=Hard & age_gap_bucket=>8,False,123,0.2085,0.6016,0.6098,0.0081,-0.0085,0.0013,0.0098,0.5527,0.5519,-0.0008,up
1,age_gap_bucket=>8,False,124,0.2102,0.6048,0.6129,0.0081,-0.0053,0.0044,0.0098,0.5534,0.5523,-0.0011,up
2,best_of=3 & age_gap_bucket=>8,False,124,0.2102,0.6048,0.6129,0.0081,-0.0053,0.0044,0.0098,0.5534,0.5523,-0.0011,up
2,best_of=3 & rank_gap_bucket=26-50,False,143,0.2424,0.6364,0.6434,0.007,0.0262,0.0349,0.0087,0.5808,0.5731,-0.0077,up
1,rank_gap_bucket=26-50,False,144,0.2441,0.6389,0.6458,0.0069,0.0287,0.0374,0.0086,0.5809,0.5734,-0.0075,up
2,surface=Hard & rank_gap_bucket=26-50,False,144,0.2441,0.6389,0.6458,0.0069,0.0287,0.0374,0.0086,0.5809,0.5734,-0.0075,up
2,best_of=3 & form_gap_bucket=0.00-0.10,False,221,0.3746,0.5656,0.5701,0.0045,-0.0446,-0.0383,0.0062,0.5397,0.5311,-0.0086,up
2,surface=Hard & form_gap_bucket=0.00-0.10,False,227,0.3847,0.5683,0.5727,0.0044,-0.0419,-0.0358,0.0061,0.5389,0.5297,-0.0092,up
1,form_gap_bucket=0.00-0.10,False,230,0.3898,0.5696,0.5739,0.0043,-0.0406,-0.0346,0.006,0.5398,0.5305,-0.0093,up
2,handedness_matchup=R-vs-R & form_gap_bucket=0.00-0.10,False,174,0.2949,0.5517,0.5517,0.0,-0.0584,-0.0568,0.0017,0.5329,0.5248,-0.0082,flat
1,age_gap_bucket=0-2,False,150,0.2542,0.66,0.66,0.0,0.0498,0.0515,0.0017,0.5764,0.5619,-0.0145,flat
2,surface=Hard & age_gap_bucket=0-2,False,150,0.2542,0.66,0.66,0.0,0.0498,0.0515,0.0017,0.5764,0.5619,-0.0145,flat
2,best_of=3 & age_gap_bucket=0-2,False,134,0.2271,0.6791,0.6791,0.0,0.0689,0.0706,0.0017,0.5858,0.5708,-0.015,flat
1,age_gap_bucket=6-8,False,123,0.2085,0.6504,0.6504,0.0,0.0402,0.0419,0.0017,0.5765,0.5714,-0.0051,flat
2,best_of=3 & age_gap_bucket=6-8,False,121,0.2051,0.6529,0.6529,0.0,0.0427,0.0444,0.0017,0.5768,0.5717,-0.0051,flat
2,surface=Hard & rank_gap_bucket=>100,False,113,0.1915,0.6283,0.6283,0.0,0.0181,0.0198,0.0017,0.5727,0.5643,-0.0084,flat
2,handedness_matchup=R-vs-R & rank_gap_bucket=26-50,False,111,0.1881,0.6757,0.6757,0.0,0.0655,0.0672,0.0017,0.5999,0.5917,-0.0082,flat
2,handedness_matchup=R-vs-R & age_gap_bucket=>8,False,98,0.1661,0.5918,0.5918,0.0,-0.0183,-0.0166,0.0017,0.554,0.5521,-0.0019,flat
2,round=R16 & handedness_matchup=R-vs-R,False,75,0.1271,0.6667,0.6667,0.0,0.0565,0.0582,0.0017,0.5791,0.5738,-0.0052,flat
2,age_gap_bucket=3-5 & form_gap_bucket=0.00-0.10,False,69,0.1169,0.4638,0.4638,0.0,-0.1464,-0.1447,0.0017,0.4994,0.4946,-0.0047,flat
1,round=R64,False,56,0.0949,0.6964,0.6964,0.0,0.0863,0.088,0.0017,0.599,0.5849,-0.0141,flat
2,surface=Hard & round=R64,False,56,0.0949,0.6964,0.6964,0.0,0.0863,0.088,0.0017,0.599,0.5849,-0.0141,flat
2,tourney_level=M & round=R64,False,56,0.0949,0.6964,0.6964,0.0,0.0863,0.088,0.0017,0.599,0.5849,-0.0141,flat
2,best_of=3 & round=R64,False,56,0.0949,0.6964,0.6964,0.0,0.0863,0.088,0.0017,0.599,0.5849,-0.0141,flat
2,tourney_level=M & age_gap_bucket=3-5,False,54,0.0915,0.5926,0.5926,0.0,-0.0176,-0.0159,0.0017,0.5489,0.5422,-0.0067,flat
2,rank_gap_bucket=11-25 & form_gap_bucket=0.00-0.10,False,51,0.0864,0.4902,0.4902,0.0,-0.12,-0.1183,0.0017,0.5014,0.4862,-0.0152,flat
2,age_gap_bucket=>8 & form_gap_bucket=0.00-0.10,False,51,0.0864,0.549,0.549,0.0,-0.0611,-0.0595,0.0017,0.5416,0.5311,-0.0105,flat
2,age_gap_bucket=6-8 & form_gap_bucket=0.00-0.10,False,48,0.0814,0.625,0.625,0.0,0.0148,0.0165,0.0017,0.5652,0.5586,-0.0066,flat
2,tourney_level=250 & rank_gap_bucket=26-50,False,47,0.0797,0.5532,0.5532,0.0,-0.057,-0.0553,0.0017,0.5282,0.5289,0.0007,flat
2,tourney_level=250 & rank_gap_bucket=51-100,False,46,0.078,0.6522,0.6522,0.0,0.042,0.0437,0.0017,0.55,0.5512,0.0012,flat
2,round=R32 & age_gap_bucket=>8,False,45,0.0763,0.6667,0.6667,0.0,0.0565,0.0582,0.0017,0.5728,0.5723,-0.0005,flat
2,round=R64 & handedness_matchup=R-vs-R,False,44,0.0746,0.6364,0.6364,0.0,0.0262,0.0279,0.0017,0.5756,0.5677,-0.0079,flat
2,round=R32 & age_gap_bucket=0-2,False,41,0.0695,0.6829,0.6829,0.0,0.0728,0.0745,0.0017,0.5962,0.5813,-0.0148,flat
2,age_gap_bucket=6-8 & form_gap_bucket=0.10-0.25,False,40,0.0678,0.575,0.575,0.0,-0.0352,-0.0335,0.0017,0.5617,0.5506,-0.0111,flat
2,round=R32 & age_gap_bucket=6-8,False,39,0.0661,0.6154,0.6154,0.0,0.0052,0.0069,0.0017,0.5733,0.5736,0.0003,flat
2,age_gap_bucket=>8 & form_gap_bucket=0.10-0.25,False,39,0.0661,0.6154,0.6154,0.0,0.0052,0.0069,0.0017,0.5497,0.5547,0.0049,flat
2,round=R32 & form_gap_bucket=0.25-0.40,False,38,0.0644,0.6842,0.6842,0.0,0.074,0.0757,0.0017,0.5649,0.5683,0.0034,flat
2,age_gap_bucket=0-2 & form_gap_bucket=0.25-0.40,False,37,0.0627,0.6486,0.6486,0.0,0.0385,0.0402,0.0017,0.5754,0.5687,-0.0067,flat
2,rank_gap_bucket=>100 & age_gap_bucket=>8,False,37,0.0627,0.6757,0.6757,0.0,0.0655,0.0672,0.0017,0.5851,0.5797,-0.0054,flat
2,rank_gap_bucket=>100 & age_gap_bucket=3-5,False,36,0.061,0.5556,0.5556,0.0,-0.0546,-0.0529,0.0017,0.5397,0.5325,-0.0072,flat
2,round=R16 & form_gap_bucket=0.10-0.25,False,35,0.0593,0.6286,0.6286,0.0,0.0184,0.0201,0.0017,0.577,0.5622,-0.0148,flat
2,rank_gap_bucket=26-50 & age_gap_bucket=6-8,False,35,0.0593,0.6857,0.6857,0.0,0.0755,0.0772,0.0017,0.6143,0.6077,-0.0066,flat
2,tourney_level=M & age_gap_bucket=0-2,False,35,0.0593,0.8571,0.8571,0.0,0.247,0.2487,0.0017,0.6539,0.626,-0.0279,flat
2,tourney_level=250 & form_gap_bucket=0.25-0.40,False,34,0.0576,0.6471,0.6471,0.0,0.0369,0.0386,0.0017,0.5311,0.5186,-0.0125,flat
2,tourney_level=M & form_gap_bucket=0.25-0.40,False,34,0.0576,0.7941,0.7941,0.0,0.1839,0.1856,0.0017,0.6175,0.6156,-0.0019,flat
1,form_gap_bucket=>0.40,False,33,0.0559,0.7576,0.7576,0.0,0.1474,0.1491,0.0017,0.6518,0.647,-0.0048,flat
2,best_of=3 & form_gap_bucket=>0.40,False,33,0.0559,0.7576,0.7576,0.0,0.1474,0.1491,0.0017,0.6518,0.647,-0.0048,flat
2,rank_gap_bucket=11-25 & age_gap_bucket=0-2,False,33,0.0559,0.8182,0.8182,0.0,0.208,0.2097,0.0017,0.5853,0.5732,-0.0122,flat
2,round=RR & form_gap_bucket=0.10-0.25,False,32,0.0542,0.3438,0.3438,0.0,-0.2664,-0.2647,0.0017,0.4702,0.4654,-0.0048,flat
2,rank_gap_bucket=51-100 & age_gap_bucket=0-2,False,32,0.0542,0.625,0.625,0.0,0.0148,0.0165,0.0017,0.5798,0.5767,-0.0031,flat
2,tourney_level=500 & age_gap_bucket=6-8,False,32,0.0542,0.6562,0.6562,0.0,0.0461,0.0478,0.0017,0.5865,0.5805,-0.006,flat
2,surface=Hard & form_gap_bucket=>0.40,False,31,0.0525,0.7742,0.7742,0.0,0.164,0.1657,0.0017,0.6607,0.6589,-0.0018,flat
2,round=RR & form_gap_bucket=0.25-0.40,False,29,0.0492,0.7241,0.7241,0.0,0.114,0.1157,0.0017,0.5942,0.5958,0.0016,flat
2,age_gap_bucket=6-8 & form_gap_bucket=0.25-0.40,False,28,0.0475,0.7857,0.7857,0.0,0.1755,0.1772,0.0017,0.5983,0.5944,-0.0039,flat
2,rank_gap_bucket=0-10 & age_gap_bucket=6-8,False,27,0.0458,0.5926,0.5926,0.0,-0.0176,-0.0159,0.0017,0.5304,0.5316,0.0012,flat
2,rank_gap_bucket=51-100 & age_gap_bucket=>8,False,26,0.0441,0.6923,0.6923,0.0,0.0821,0.0838,0.0017,0.5917,0.5802,-0.0115,flat
2,handedness_matchup=R-vs-R & form_gap_bucket=>0.40,False,26,0.0441,0.8077,0.8077,0.0,0.1975,0.1992,0.0017,0.6572,0.6491,-0.0082,flat
2,round=R64 & form_gap_bucket=0.00-0.10,False,25,0.0424,0.64,0.64,0.0,0.0298,0.0315,0.0017,0.5817,0.5574,-0.0242,flat
1,tourney_level=A,False,24,0.0407,0.5,0.5,0.0,-0.1102,-0.1085,0.0017,0.5066,0.4892,-0.0174,flat
2,surface=Hard & tourney_level=A,False,24,0.0407,0.5,0.5,0.0,-0.1102,-0.1085,0.0017,0.5066,0.4892,-0.0174,flat
2,rank_gap_bucket=>100 & form_gap_bucket=0.25-0.40,False,24,0.0407,0.6667,0.6667,0.0,0.0565,0.0582,0.0017,0.5495,0.5452,-0.0043,flat
2,tourney_level=M & rank_gap_bucket=0-10,False,23,0.039,0.6957,0.6957,0.0,0.0855,0.0872,0.0017,0.5567,0.5461,-0.0106,flat
2,round=R32 & rank_gap_bucket=51-100,False,23,0.039,0.6957,0.6957,0.0,0.0855,0.0872,0.0017,0.5556,0.5648,0.0093,flat
2,rank_gap_bucket=51-100 & form_gap_bucket=0.25-0.40,False,23,0.039,0.7391,0.7391,0.0,0.129,0.1307,0.0017,0.597,0.5883,-0.0087,flat
2,round=RR & rank_gap_bucket=51-100,False,22,0.0373,0.5,0.5,0.0,-0.1102,-0.1085,0.0017,0.5077,0.5021,-0.0056,flat
2,rank_gap_bucket=11-25 & age_gap_bucket=>8,False,22,0.0373,0.5909,0.5909,0.0,-0.0193,-0.0176,0.0017,0.5107,0.5181,0.0074,flat
2,round=SF & handedness_matchup=R-vs-R,False,22,0.0373,0.6364,0.6364,0.0,0.0262,0.0279,0.0017,0.5635,0.5447,-0.0187,flat
2,tourney_level=A & round=RR,False,21,0.0356,0.4762,0.4762,0.0,-0.134,-0.1323,0.0017,0.5063,0.4888,-0.0175,flat
2,rank_gap_bucket=>100 & age_gap_bucket=0-2,False,21,0.0356,0.5238,0.5238,0.0,-0.0864,-0.0847,0.0017,0.5549,0.5336,-0.0214,flat
2,round=R64 & rank_gap_bucket=26-50,False,21,0.0356,0.619,0.619,0.0,0.0089,0.0106,0.0017,0.5692,0.5512,-0.0181,flat
2,round=R64 & age_gap_bucket=3-5,False,21,0.0356,0.619,0.619,0.0,0.0089,0.0106,0.0017,0.5925,0.5757,-0.0168,flat
2,rank_gap_bucket=0-10 & form_gap_bucket=0.25-0.40,False,21,0.0356,0.7143,0.7143,0.0,0.1041,0.1058,0.0017,0.5852,0.5687,-0.0165,flat
2,tourney_level=D & form_gap_bucket=0.25-0.40,False,19,0.0322,0.7895,0.7895,0.0,0.1793,0.181,0.0017,0.6079,0.6191,0.0111,flat
2,tourney_level=A & age_gap_bucket=0-2,False,18,0.0305,0.4444,0.4444,0.0,-0.1657,-0.164,0.0017,0.4845,0.4769,-0.0076,flat
2,round=R16 & rank_gap_bucket=>100,False,18,0.0305,0.4444,0.4444,0.0,-0.1657,-0.164,0.0017,0.4862,0.4819,-0.0043,flat
2,tourney_level=D & age_gap_bucket=0-2,False,18,0.0305,0.6111,0.6111,0.0,0.0009,0.0026,0.0017,0.5558,0.5492,-0.0066,flat
2,rank_gap_bucket=51-100 & age_gap_bucket=6-8,False,18,0.0305,0.6667,0.6667,0.0,0.0565,0.0582,0.0017,0.5428,0.5431,0.0003,flat
2,round=R64 & form_gap_bucket=0.25-0.40,False,16,0.0271,0.8125,0.8125,0.0,0.2023,0.204,0.0017,0.6093,0.6039,-0.0054,flat
2,tourney_level=D & rank_gap_bucket=51-100,False,15,0.0254,0.5333,0.5333,0.0,-0.0768,-0.0751,0.0017,0.5005,0.4955,-0.005,flat
2,round=R64 & age_gap_bucket=>8,False,15,0.0254,0.7333,0.7333,0.0,0.1232,0.1249,0.0017,0.6094,0.6048,-0.0046,flat
2,round=RR & form_gap_bucket=>0.40,False,15,0.0254,0.8,0.8,0.0,0.1898,0.1915,0.0017,0.6576,0.6315,-0.0261,flat
2,tourney_level=D & age_gap_bucket=>8,False,14,0.0237,0.5,0.5,0.0,-0.1102,-0.1085,0.0017,0.5304,0.5366,0.0062,flat
2,round=RR & age_gap_bucket=>8,False,14,0.0237,0.5,0.5,0.0,-0.1102,-0.1085,0.0017,0.5304,0.5366,0.0062,flat
2,round=R128 & age_gap_bucket=3-5,False,14,0.0237,0.6429,0.6429,0.0,0.0327,0.0344,0.0017,0.5184,0.524,0.0056,flat
2,rank_gap_bucket=>100 & form_gap_bucket=>0.40,False,14,0.0237,0.7143,0.7143,0.0,0.1041,0.1058,0.0017,0.6382,0.6339,-0.0043,flat
2,round=R64 & rank_gap_bucket=51-100,False,14,0.0237,0.7857,0.7857,0.0,0.1755,0.1772,0.0017,0.6598,0.645,-0.0148,flat
2,tourney_level=A & handedness_matchup=R-vs-R,False,13,0.022,0.5385,0.5385,0.0,-0.0717,-0.07,0.0017,0.5337,0.5185,-0.0151,flat
2,tourney_level=A & form_gap_bucket=0.00-0.10,False,13,0.022,0.6154,0.6154,0.0,0.0052,0.0069,0.0017,0.5301,0.5029,-0.0272,flat
2,round=R64 & form_gap_bucket=0.10-0.25,False,13,0.022,0.6154,0.6154,0.0,0.0052,0.0069,0.0017,0.5854,0.5791,-0.0062,flat
2,age_gap_bucket=3-5 & form_gap_bucket=>0.40,False,13,0.022,0.7692,0.7692,0.0,0.1591,0.1608,0.0017,0.6546,0.6261,-0.0285,flat
2,tourney_level=D & form_gap_bucket=>0.40,False,13,0.022,0.8462,0.8462,0.0,0.236,0.2377,0.0017,0.6811,0.6559,-0.0252,flat
2,round=SF & age_gap_bucket=0-2,False,12,0.0203,0.5833,0.5833,0.0,-0.0268,-0.0251,0.0017,0.5723,0.5466,-0.0257,flat
2,round=R64 & age_gap_bucket=0-2,False,12,0.0203,0.9167,0.9167,0.0,0.3065,0.3082,0.0017,0.6365,0.6088,-0.0277,flat
2,round=R64 & rank_gap_bucket=11-25,False,11,0.0186,0.6364,0.6364,0.0,0.0262,0.0279,0.0017,0.5588,0.5471,-0.0118,flat
2,round=SF & rank_gap_bucket=0-10,False,11,0.0186,0.6364,0.6364,0.0,0.0262,0.0279,0.0017,0.543,0.518,-0.025,flat
2,round=SF & form_gap_bucket=0.00-0.10,False,11,0.0186,0.6364,0.6364,0.0,0.0262,0.0279,0.0017,0.5222,0.5036,-0.0186,flat
1,handedness_matchup=L-vs-L,False,10,0.0169,0.7,0.7,0.0,0.0898,0.0915,0.0017,0.6397,0.5925,-0.0472,flat
2,surface=Hard & handedness_matchup=L-vs-L,False,10,0.0169,0.7,0.7,0.0,0.0898,0.0915,0.0017,0.6397,0.5925,-0.0472,flat
2,best_of=3 & handedness_matchup=L-vs-L,False,10,0.0169,0.7,0.7,0.0,0.0898,0.0915,0.0017,0.6397,0.5925,-0.0472,flat
2,tourney_level=500 & rank_gap_bucket=51-100,False,10,0.0169,0.8,0.8,0.0,0.1898,0.1915,0.0017,0.6711,0.6782,0.0071,flat
2,rank_gap_bucket=0-10 & age_gap_bucket=>8,False,9,0.0153,0.3333,0.3333,0.0,-0.2768,-0.2751,0.0017,0.4907,0.4907,0.0,flat
2,tourney_level=A & best_of=3,False,9,0.0153,0.5556,0.5556,0.0,-0.0546,-0.0529,0.0017,0.5434,0.5141,-0.0292,flat
2,tourney_level=A & rank_gap_bucket=11-25,False,9,0.0153,0.6667,0.6667,0.0,0.0565,0.0582,0.0017,0.5374,0.5108,-0.0266,flat
2,round=R32 & form_gap_bucket=>0.40,False,9,0.0153,0.6667,0.6667,0.0,0.0565,0.0582,0.0017,0.6304,0.6395,0.0091,flat
2,tourney_level=A & rank_gap_bucket=51-100,False,8,0.0136,0.375,0.375,0.0,-0.2352,-0.2335,0.0017,0.5,0.4984,-0.0016,flat
2,tourney_level=500 & round=SF,False,8,0.0136,0.5,0.5,0.0,-0.1102,-0.1085,0.0017,0.5285,0.4967,-0.0318,flat
2,tourney_level=250 & form_gap_bucket=>0.40,False,8,0.0136,0.5,0.5,0.0,-0.1102,-0.1085,0.0017,0.4974,0.5199,0.0225,flat
2,round=R64 & age_gap_bucket=6-8,False,8,0.0136,0.5,0.5,0.0,-0.1102,-0.1085,0.0017,0.5402,0.5357,-0.0045,flat
1,tourney_level=G,False,8,0.0136,0.625,0.625,0.0,0.0148,0.0165,0.0017,0.5679,0.5581,-0.0098,flat
2,surface=Hard & tourney_level=G,False,8,0.0136,0.625,0.625,0.0,0.0148,0.0165,0.0017,0.5679,0.5581,-0.0098,flat
2,round=SF & age_gap_bucket=>8,False,8,0.0136,0.625,0.625,0.0,0.0148,0.0165,0.0017,0.5111,0.5028,-0.0083,flat
2,tourney_level=A & form_gap_bucket=0.25-0.40,False,7,0.0119,0.4286,0.4286,0.0,-0.1816,-0.1799,0.0017,0.4937,0.4878,-0.0059,flat
2,round=F & form_gap_bucket=0.00-0.10,False,7,0.0119,0.4286,0.4286,0.0,-0.1816,-0.1799,0.0017,0.4914,0.474,-0.0174,flat
2,round=SF & form_gap_bucket=0.25-0.40,False,7,0.0119,0.4286,0.4286,0.0,-0.1816,-0.1799,0.0017,0.4906,0.45,-0.0406,flat
2,round=R64 & rank_gap_bucket=>100,False,7,0.0119,0.7143,0.7143,0.0,0.1041,0.1058,0.0017,0.6463,0.6404,-0.0059,flat
2,round=SF & rank_gap_bucket=11-25,False,7,0.0119,0.7143,0.7143,0.0,0.1041,0.1058,0.0017,0.5633,0.5439,-0.0194,flat
2,age_gap_bucket=0-2 & form_gap_bucket=>0.40,False,7,0.0119,0.7143,0.7143,0.0,0.1041,0.1058,0.0017,0.6066,0.5968,-0.0097,flat
2,age_gap_bucket=6-8 & form_gap_bucket=>0.40,False,7,0.0119,0.7143,0.7143,0.0,0.1041,0.1058,0.0017,0.6518,0.6864,0.0346,flat
2,round=SF & rank_gap_bucket=51-100,False,6,0.0102,0.5,0.5,0.0,-0.1102,-0.1085,0.0017,0.513,0.499,-0.014,flat
2,tourney_level=G & handedness_matchup=R-vs-R,False,6,0.0102,0.6667,0.6667,0.0,0.0565,0.0582,0.0017,0.5809,0.5828,0.0019,flat
2,round=R128 & rank_gap_bucket=11-25,False,6,0.0102,0.6667,0.6667,0.0,0.0565,0.0582,0.0017,0.541,0.5246,-0.0164,flat
2,tourney_level=F & form_gap_bucket=0.25-0.40,False,6,0.0102,0.8333,0.8333,0.0,0.2232,0.2249,0.0017,0.6635,0.6288,-0.0347,flat
2,round=R128 & age_gap_bucket=0-2,False,6,0.0102,0.8333,0.8333,0.0,0.2232,0.2249,0.0017,0.5908,0.5661,-0.0247,flat
2,handedness_matchup=L-vs-L & rank_gap_bucket=51-100,False,6,0.0102,0.8333,0.8333,0.0,0.2232,0.2249,0.0017,0.716,0.6508,-0.0652,flat
2,rank_gap_bucket=0-10 & form_gap_bucket=>0.40,False,6,0.0102,0.8333,0.8333,0.0,0.2232,0.2249,0.0017,0.6052,0.5958,-0.0093,flat
2,rank_gap_bucket=26-50 & form_gap_bucket=>0.40,False,6,0.0102,0.8333,0.8333,0.0,0.2232,0.2249,0.0017,0.7518,0.7498,-0.0021,flat
2,age_gap_bucket=>8 & form_gap_bucket=>0.40,False,6,0.0102,0.8333,0.8333,0.0,0.2232,0.2249,0.0017,0.6985,0.7045,0.006,flat
2,tourney_level=G & form_gap_bucket=0.10-0.25,False,5,0.0085,0.4,0.4,0.0,-0.2102,-0.2085,0.0017,0.4954,0.4929,-0.0025,flat
2,tourney_level=G & rank_gap_bucket=11-25,False,5,0.0085,0.6,0.6,0.0,-0.0102,-0.0085,0.0017,0.5844,0.5792,-0.0052,flat
2,round=R128 & form_gap_bucket=0.25-0.40,False,5,0.0085,0.6,0.6,0.0,-0.0102,-0.0085,0.0017,0.5596,0.5724,0.0128,flat
2,round=R16 & form_gap_bucket=>0.40,False,5,0.0085,0.6,0.6,0.0,-0.0102,-0.0085,0.0017,0.558,0.5876,0.0295,flat
2,rank_gap_bucket=51-100 & form_gap_bucket=>0.40,False,5,0.0085,0.8,0.8,0.0,0.1898,0.1915,0.0017,0.6837,0.6839,0.0002,flat
2,tourney_level=M & form_gap_bucket=>0.40,False,5,0.0085,1.0,1.0,0.0,0.3898,0.3915,0.0017,0.8122,0.8133,0.001,flat
1,best_of=3,False,567,0.961,0.6138,0.612,-0.0018,0.0036,0.0035,-0.0001,0.5593,0.5522,-0.0071,down
1,surface=Hard,False,583,0.9881,0.6106,0.6072,-0.0034,0.0005,-0.0013,-0.0017,0.5574,0.5503,-0.0071,down
2,surface=Hard & best_of=3,False,560,0.9492,0.6143,0.6107,-0.0036,0.0041,0.0022,-0.0019,0.5593,0.5523,-0.007,down
2,tourney_level=250 & handedness_matchup=R-vs-R,False,138,0.2339,0.5725,0.5652,-0.0072,-0.0377,-0.0433,-0.0056,0.534,0.535,0.001,down
2,surface=Hard & age_gap_bucket=6-8,False,119,0.2017,0.6555,0.6471,-0.0084,0.0453,0.0386,-0.0067,0.5765,0.572,-0.0045,down
1,round=RR,False,117,0.1983,0.5726,0.5641,-0.0085,-0.0375,-0.0444,-0.0069,0.5444,0.5357,-0.0087,down
1,handedness_matchup=R-vs-R,False,429,0.7271,0.634,0.6247,-0.0093,0.0239,0.0162,-0.0076,0.5647,0.5582,-0.0065,down
2,surface=Hard & handedness_matchup=R-vs-R,False,425,0.7203,0.6306,0.6212,-0.0094,0.0204,0.0127,-0.0077,0.5639,0.5576,-0.0063,down
2,best_of=3 & round=RR,False,105,0.178,0.5905,0.581,-0.0095,-0.0197,-0.0275,-0.0078,0.552,0.5432,-0.0088,down
2,best_of=3 & handedness_matchup=R-vs-R,False,416,0.7051,0.6346,0.625,-0.0096,0.0244,0.0165,-0.0079,0.5647,0.5582,-0.0065,down
1,age_gap_bucket=3-5,False,193,0.3271,0.5492,0.5389,-0.0104,-0.0609,-0.0696,-0.0087,0.5333,0.5266,-0.0068,down
2,surface=Hard & age_gap_bucket=3-5,False,191,0.3237,0.5497,0.5393,-0.0105,-0.0604,-0.0692,-0.0088,0.5337,0.5267,-0.007,down
2,best_of=3 & age_gap_bucket=3-5,False,188,0.3186,0.5479,0.5372,-0.0106,-0.0623,-0.0712,-0.0089,0.533,0.5264,-0.0066,down
1,tourney_level=250,False,187,0.3169,0.5722,0.5615,-0.0107,-0.038,-0.047,-0.009,0.5316,0.5306,-0.001,down
2,surface=Hard & tourney_level=250,False,187,0.3169,0.5722,0.5615,-0.0107,-0.038,-0.047,-0.009,0.5316,0.5306,-0.001,down
2,tourney_level=250 & best_of=3,False,187,0.3169,0.5722,0.5615,-0.0107,-0.038,-0.047,-0.009,0.5316,0.5306,-0.001,down
2,handedness_matchup=R-vs-R & rank_gap_bucket=>100,False,92,0.1559,0.6304,0.6196,-0.0109,0.0203,0.0111,-0.0092,0.566,0.5573,-0.0087,down
2,handedness_matchup=R-vs-R & age_gap_bucket=6-8,False,89,0.1508,0.7416,0.7303,-0.0112,0.1314,0.1219,-0.0095,0.6037,0.5984,-0.0053,down
2,handedness_matchup=R-vs-R & rank_gap_bucket=11-25,False,86,0.1458,0.5233,0.5116,-0.0116,-0.0869,-0.0968,-0.0099,0.5056,0.5032,-0.0023,down
2,round=RR & handedness_matchup=R-vs-R,False,83,0.1407,0.6506,0.6386,-0.012,0.0404,0.0301,-0.0104,0.5696,0.5575,-0.0122,down
1,rank_gap_bucket=11-25,False,125,0.2119,0.568,0.552,-0.016,-0.0422,-0.0565,-0.0143,0.5243,0.5169,-0.0074,down
2,surface=Hard & rank_gap_bucket=11-25,False,125,0.2119,0.568,0.552,-0.016,-0.0422,-0.0565,-0.0143,0.5243,0.5169,-0.0074,down
2,tourney_level=M & form_gap_bucket=0.00-0.10,False,61,0.1034,0.6885,0.6721,-0.0164,0.0784,0.0637,-0.0147,0.5735,0.556,-0.0175,down
2,best_of=3 & rank_gap_bucket=11-25,False,117,0.1983,0.5556,0.5385,-0.0171,-0.0546,-0.07,-0.0154,0.5201,0.5132,-0.0069,down
2,surface=Hard & round=RR,False,110,0.1864,0.5727,0.5545,-0.0182,-0.0374,-0.0539,-0.0165,0.5433,0.5349,-0.0084,down
2,rank_gap_bucket=11-25 & age_gap_bucket=3-5,False,52,0.0881,0.4038,0.3846,-0.0192,-0.2063,-0.2239,-0.0175,0.4811,0.4737,-0.0074,down
1,tourney_level=M,False,150,0.2542,0.6867,0.6667,-0.02,0.0765,0.0582,-0.0183,0.5868,0.5747,-0.0122,down
2,surface=Hard & tourney_level=M,False,150,0.2542,0.6867,0.6667,-0.02,0.0765,0.0582,-0.0183,0.5868,0.5747,-0.0122,down
2,tourney_level=M & best_of=3,False,150,0.2542,0.6867,0.6667,-0.02,0.0765,0.0582,-0.0183,0.5868,0.5747,-0.0122,down
1,form_gap_bucket=0.10-0.25,False,195,0.3305,0.5692,0.5487,-0.0205,-0.0409,-0.0598,-0.0188,0.5459,0.5372,-0.0086,down
2,best_of=3 & form_gap_bucket=0.10-0.25,False,189,0.3203,0.5767,0.5556,-0.0212,-0.0334,-0.0529,-0.0195,0.5483,0.5393,-0.009,down
1,rank_gap_bucket=0-10,False,94,0.1593,0.5745,0.5532,-0.0213,-0.0357,-0.0553,-0.0196,0.5343,0.5224,-0.0119,down
2,surface=Hard & rank_gap_bucket=0-10,False,94,0.1593,0.5745,0.5532,-0.0213,-0.0357,-0.0553,-0.0196,0.5343,0.5224,-0.0119,down
2,best_of=3 & rank_gap_bucket=0-10,False,89,0.1508,0.573,0.5506,-0.0225,-0.0371,-0.0579,-0.0208,0.5349,0.5228,-0.0121,down
2,rank_gap_bucket=>100 & form_gap_bucket=0.10-0.25,False,44,0.0746,0.6364,0.6136,-0.0227,0.0262,0.0052,-0.021,0.5694,0.5572,-0.0122,down
2,age_gap_bucket=0-2 & form_gap_bucket=0.10-0.25,False,44,0.0746,0.6591,0.6364,-0.0227,0.0489,0.0279,-0.021,0.5905,0.5698,-0.0207,down
2,tourney_level=M & rank_gap_bucket=26-50,False,43,0.0729,0.7209,0.6977,-0.0233,0.1108,0.0892,-0.0216,0.6113,0.5945,-0.0168,down
2,rank_gap_bucket=26-50 & age_gap_bucket=3-5,False,43,0.0729,0.6512,0.6279,-0.0233,0.041,0.0194,-0.0216,0.5578,0.5565,-0.0013,down
2,round=RR & form_gap_bucket=0.00-0.10,False,41,0.0695,0.561,0.5366,-0.0244,-0.0492,-0.0719,-0.0227,0.5258,0.513,-0.0128,down
2,round=R32 & rank_gap_bucket=11-25,False,40,0.0678,0.55,0.525,-0.025,-0.0602,-0.0835,-0.0233,0.5182,0.5111,-0.0071,down
2,surface=Hard & form_gap_bucket=0.10-0.25,False,194,0.3288,0.5722,0.5464,-0.0258,-0.038,-0.0621,-0.0241,0.5463,0.5374,-0.0089,down
2,rank_gap_bucket=51-100 & form_gap_bucket=0.10-0.25,False,37,0.0627,0.6216,0.5946,-0.027,0.0115,-0.0139,-0.0253,0.5607,0.5598,-0.0009,down
2,rank_gap_bucket=0-10 & form_gap_bucket=0.00-0.10,False,37,0.0627,0.5405,0.5135,-0.027,-0.0696,-0.095,-0.0253,0.5105,0.5052,-0.0053,down
2,handedness_matchup=R-vs-R & age_gap_bucket=3-5,False,138,0.2339,0.5652,0.5362,-0.029,-0.045,-0.0722,-0.0273,0.5334,0.5261,-0.0073,down
2,tourney_level=M & rank_gap_bucket=11-25,False,34,0.0576,0.6471,0.6176,-0.0294,0.0369,0.0092,-0.0277,0.5472,0.5282,-0.019,down
2,tourney_level=D & age_gap_bucket=3-5,False,32,0.0542,0.5625,0.5312,-0.0312,-0.0477,-0.0772,-0.0296,0.535,0.5276,-0.0075,down
1,round=R128,False,32,0.0542,0.5938,0.5625,-0.0312,-0.0164,-0.046,-0.0296,0.5194,0.5165,-0.0029,down
2,surface=Hard & round=R128,False,32,0.0542,0.5938,0.5625,-0.0312,-0.0164,-0.046,-0.0296,0.5194,0.5165,-0.0029,down
2,tourney_level=M & round=R128,False,32,0.0542,0.5938,0.5625,-0.0312,-0.0164,-0.046,-0.0296,0.5194,0.5165,-0.0029,down
2,best_of=3 & round=R128,False,32,0.0542,0.5938,0.5625,-0.0312,-0.0164,-0.046,-0.0296,0.5194,0.5165,-0.0029,down
1,round=SF,False,32,0.0542,0.6562,0.625,-0.0312,0.0461,0.0165,-0.0296,0.5579,0.5365,-0.0214,down
2,surface=Hard & round=SF,False,32,0.0542,0.6562,0.625,-0.0312,0.0461,0.0165,-0.0296,0.5579,0.5365,-0.0214,down
2,tourney_level=M & round=R32,False,32,0.0542,0.7188,0.6875,-0.0312,0.1086,0.079,-0.0296,0.6242,0.6117,-0.0126,down
2,rank_gap_bucket=26-50 & form_gap_bucket=0.00-0.10,False,62,0.1051,0.6613,0.629,-0.0323,0.0511,0.0206,-0.0306,0.5685,0.5527,-0.0159,down
2,rank_gap_bucket=0-10 & form_gap_bucket=0.10-0.25,False,30,0.0508,0.4667,0.4333,-0.0333,-0.1435,-0.1751,-0.0316,0.5139,0.4965,-0.0174,down
2,rank_gap_bucket=0-10 & age_gap_bucket=3-5,False,30,0.0508,0.6,0.5667,-0.0333,-0.0102,-0.0418,-0.0316,0.5591,0.5282,-0.0309,down
2,round=R16 & age_gap_bucket=3-5,False,29,0.0492,0.6207,0.5862,-0.0345,0.0105,-0.0223,-0.0328,0.5553,0.5477,-0.0077,down
2,tourney_level=M & handedness_matchup=R-vs-R,False,114,0.1932,0.7018,0.6667,-0.0351,0.0916,0.0582,-0.0334,0.5905,0.5793,-0.0112,down
2,rank_gap_bucket=0-10 & age_gap_bucket=0-2,False,28,0.0475,0.6071,0.5714,-0.0357,-0.003,-0.037,-0.034,0.5256,0.5175,-0.0082,down
2,best_of=3 & round=SF,False,28,0.0475,0.6429,0.6071,-0.0357,0.0327,-0.0013,-0.034,0.5578,0.5379,-0.0198,down
2,tourney_level=250 & age_gap_bucket=3-5,False,55,0.0932,0.4727,0.4364,-0.0364,-0.1374,-0.1721,-0.0347,0.5026,0.5054,0.0028,down
2,tourney_level=M & form_gap_bucket=0.10-0.25,False,50,0.0847,0.58,0.54,-0.04,-0.0302,-0.0685,-0.0383,0.5597,0.5457,-0.014,down
2,round=R16 & age_gap_bucket=6-8,False,25,0.0424,0.8,0.76,-0.04,0.1898,0.1515,-0.0383,0.5806,0.5811,0.0005,down
2,tourney_level=250 & form_gap_bucket=0.10-0.25,False,73,0.1237,0.6438,0.6027,-0.0411,0.0337,-0.0057,-0.0394,0.5613,0.5586,-0.0026,down
2,tourney_level=M & age_gap_bucket=6-8,False,24,0.0407,0.6667,0.625,-0.0417,0.0565,0.0165,-0.04,0.5865,0.571,-0.0155,down
2,age_gap_bucket=3-5 & form_gap_bucket=0.10-0.25,False,72,0.122,0.4861,0.4444,-0.0417,-0.1241,-0.164,-0.04,0.5077,0.5004,-0.0073,down
2,handedness_matchup=R-vs-R & form_gap_bucket=0.10-0.25,False,140,0.2373,0.6286,0.5857,-0.0429,0.0184,-0.0228,-0.0412,0.5618,0.5525,-0.0093,down
2,round=RR & rank_gap_bucket=11-25,False,23,0.039,0.4783,0.4348,-0.0435,-0.1319,-0.1737,-0.0418,0.4916,0.4979,0.0063,down
2,handedness_matchup=R-vs-R & rank_gap_bucket=0-10,False,64,0.1085,0.6406,0.5938,-0.0469,0.0305,-0.0147,-0.0452,0.5489,0.5344,-0.0144,down
2,tourney_level=250 & age_gap_bucket=6-8,False,39,0.0661,0.6923,0.641,-0.0513,0.0821,0.0326,-0.0496,0.5633,0.5653,0.002,down
2,round=RR & age_gap_bucket=0-2,False,39,0.0661,0.5897,0.5385,-0.0513,-0.0204,-0.07,-0.0496,0.5298,0.5216,-0.0082,down
2,round=RR & age_gap_bucket=3-5,False,38,0.0644,0.5789,0.5263,-0.0526,-0.0312,-0.0822,-0.0509,0.5429,0.5257,-0.0173,down
2,tourney_level=M & age_gap_bucket=>8,False,37,0.0627,0.6757,0.6216,-0.0541,0.0655,0.0131,-0.0524,0.5789,0.5758,-0.0031,down
2,rank_gap_bucket=11-25 & age_gap_bucket=6-8,False,18,0.0305,0.5556,0.5,-0.0556,-0.0546,-0.1085,-0.0539,0.554,0.5371,-0.0169,down
2,tourney_level=D & rank_gap_bucket=11-25,False,16,0.0271,0.4375,0.375,-0.0625,-0.1727,-0.2335,-0.0608,0.4787,0.4973,0.0186,down
2,tourney_level=M & round=R16,False,16,0.0271,0.75,0.6875,-0.0625,0.1398,0.079,-0.0608,0.5901,0.5671,-0.0231,down
2,tourney_level=250 & rank_gap_bucket=0-10,False,15,0.0254,0.5333,0.4667,-0.0667,-0.0768,-0.1418,-0.065,0.5045,0.5098,0.0053,down
2,round=RR & rank_gap_bucket=0-10,False,29,0.0492,0.5862,0.5172,-0.069,-0.024,-0.0912,-0.0673,0.5454,0.5248,-0.0206,down
2,tourney_level=250 & round=SF,False,14,0.0237,0.7143,0.6429,-0.0714,0.1041,0.0344,-0.0697,0.554,0.5311,-0.0229,down
2,rank_gap_bucket=11-25 & form_gap_bucket=0.10-0.25,False,42,0.0712,0.5238,0.4524,-0.0714,-0.0864,-0.1561,-0.0697,0.5053,0.4953,-0.01,down
2,tourney_level=250 & rank_gap_bucket=11-25,False,27,0.0458,0.5556,0.4815,-0.0741,-0.0546,-0.127,-0.0724,0.5211,0.5143,-0.0068,down
2,round=SF & form_gap_bucket=0.10-0.25,False,13,0.022,0.7692,0.6923,-0.0769,0.1591,0.0838,-0.0752,0.6126,0.5951,-0.0176,down
2,round=R128 & handedness_matchup=R-vs-R,False,23,0.039,0.6957,0.6087,-0.087,0.0855,0.0002,-0.0853,0.5372,0.5272,-0.01,down
2,tourney_level=M & rank_gap_bucket=>100,False,21,0.0356,0.6667,0.5714,-0.0952,0.0565,-0.037,-0.0935,0.591,0.586,-0.005,down
1,round=F,False,16,0.0271,0.625,0.5,-0.125,0.0148,-0.1085,-0.1233,0.531,0.5201,-0.0109,down
2,surface=Hard & round=F,False,16,0.0271,0.625,0.5,-0.125,0.0148,-0.1085,-0.1233,0.531,0.5201,-0.0109,down
2,round=R128 & age_gap_bucket=>8,False,8,0.0136,0.375,0.25,-0.125,-0.2352,-0.3585,-0.1233,0.4501,0.4525,0.0023,down
2,round=F & handedness_matchup=R-vs-R,False,8,0.0136,0.625,0.5,-0.125,0.0148,-0.1085,-0.1233,0.5372,0.528,-0.0091,down
2,round=SF & age_gap_bucket=3-5,False,8,0.0136,0.625,0.5,-0.125,0.0148,-0.1085,-0.1233,0.5405,0.5223,-0.0182,down
2,best_of=3 & round=F,False,14,0.0237,0.5714,0.4286,-0.1429,-0.0387,-0.1799,-0.1412,0.5164,0.5056,-0.0109,down
2,round=R128 & form_gap_bucket=0.10-0.25,False,13,0.022,0.5385,0.3846,-0.1538,-0.0717,-0.2239,-0.1522,0.4993,0.4878,-0.0115,down
2,round=F & rank_gap_bucket=0-10,False,6,0.0102,0.6667,0.5,-0.1667,0.0565,-0.1085,-0.165,0.5459,0.5155,-0.0303,down
2,round=R16 & rank_gap_bucket=0-10,False,6,0.0102,1.0,0.8333,-0.1667,0.3898,0.2249,-0.165,0.5652,0.5628,-0.0024,down
2,round=R128 & rank_gap_bucket=>100,False,12,0.0203,0.5833,0.4167,-0.1667,-0.0268,-0.1918,-0.165,0.5124,0.5067,-0.0057,down
2,tourney_level=F & age_gap_bucket=3-5,False,6,0.0102,0.8333,0.6667,-0.1667,0.2232,0.0582,-0.165,0.6381,0.5863,-0.0519,down
2,round=R128 & rank_gap_bucket=26-50,False,6,0.0102,0.8333,0.6667,-0.1667,0.2232,0.0582,-0.165,0.5316,0.5343,0.0027,down
2,round=F & age_gap_bucket=0-2,False,5,0.0085,0.6,0.4,-0.2,-0.0102,-0.2085,-0.1983,0.5361,0.5123,-0.0239,down
1,tourney_level=F,False,15,0.0254,0.8,0.6,-0.2,0.1898,-0.0085,-0.1983,0.5914,0.5651,-0.0263,down
2,surface=Hard & tourney_level=F,False,15,0.0254,0.8,0.6,-0.2,0.1898,-0.0085,-0.1983,0.5914,0.5651,-0.0263,down
2,tourney_level=F & best_of=3,False,15,0.0254,0.8,0.6,-0.2,0.1898,-0.0085,-0.1983,0.5914,0.5651,-0.0263,down
2,tourney_level=F & handedness_matchup=R-vs-R,False,15,0.0254,0.8,0.6,-0.2,0.1898,-0.0085,-0.1983,0.5914,0.5651,-0.0263,down
2,tourney_level=F & rank_gap_bucket=0-10,False,15,0.0254,0.8,0.6,-0.2,0.1898,-0.0085,-0.1983,0.5914,0.5651,-0.0263,down
2,round=SF & rank_gap_bucket=26-50,False,5,0.0085,0.8,0.6,-0.2,0.1898,-0.0085,-0.1983,0.5962,0.5616,-0.0346,down
2,tourney_level=F & round=RR,False,12,0.0203,0.8333,0.5833,-0.25,0.2232,-0.0251,-0.2483,0.5845,0.5536,-0.0309,down
2,tourney_level=250 & round=F,False,7,0.0119,0.5714,0.2857,-0.2857,-0.0387,-0.3228,-0.284,0.4747,0.4742,-0.0005,down
2,tourney_level=F & age_gap_bucket=0-2,False,6,0.0102,0.8333,0.5,-0.3333,0.2232,-0.1085,-0.3316,0.5444,0.5287,-0.0156,down
2,round=F & form_gap_bucket=0.10-0.25,False,6,0.0102,0.8333,0.5,-0.3333,0.2232,-0.1085,-0.3316,0.53,0.5275,-0.0025,down
